Country,Year,Total
Australia,1921,0.00
Australia,1922,0.00
Australia,1923,0.91
Australia,1924,0.00
Australia,1925,1.11
Australia,1926,0.99
Australia,1927,0.00
Australia,1928,0.00
Australia,1929,0.00
Australia,1930,0.00
Australia,1931,0.00
Australia,1932,0.92
Australia,1933,0.00
Australia,1934,0.89
Australia,1935,0.00
Australia,1936,0.00
Australia,1937,0.00
Australia,1938,0.00
Australia,1939,0.00
Australia,1940,0.00
Australia,1941,0.00
Australia,1942,0.00
Australia,1943,0.00
Australia,1944,0.00
Australia,1945,0.00
Australia,1946,0.00
Australia,1947,0.00
Australia,1948,0.00
Australia,1949,0.00
Australia,1950,0.00
Australia,1951,0.00
Australia,1952,0.00
Australia,1953,0.00
Australia,1954,0.00
Australia,1955,0.00
Australia,1956,0.00
Australia,1957,0.00
Australia,1958,0.00
Australia,1959,0.00
Australia,1960,0.00
Australia,1961,0.00
Australia,1962,0.00
Australia,1963,0.00
Australia,1964,0.00
Australia,1965,1.34
Australia,1966,0.00
Australia,1967,0.00
Australia,1968,0.00
Australia,1969,0.00
Australia,1970,1.40
Australia,1971,0.00
Australia,1972,0.00
Australia,1973,0.00
Australia,1974,0.00
Australia,1975,0.00
Australia,1976,1.34
Australia,1977,0.00
Australia,1978,0.00
Australia,1979,1.49
Australia,1980,0.00
Australia,1981,0.00
Australia,1982,0.00
Australia,1983,0.00
Australia,1984,1.49
Australia,1985,0.00
Australia,1986,0.00
Australia,1987,0.00
Australia,1988,0.00
Australia,1989,1.31
Australia,1990,0.00
Australia,1991,3.00
Australia,1992,0.00
Australia,1993,1.50
Australia,1994,0.00
Australia,1995,0.00
Australia,1996,0.00
Australia,1997,2.67
Australia,1998,0.00
Australia,1999,1.40
Australia,2000,2.05
Australia,2001,1.37
Australia,2002,1.61
Australia,2003,1.40
Australia,2004,1.37
Australia,2005,1.65
Australia,2006,1.83
Australia,2007,1.84
Australia,2008,1.94
Australia,2009,1.85
Australia,2010,2.29
Australia,2011,2.27
Australia,2012,1.32
Australia,2013,1.54
Australia,2014,2.30
Australia,2015,2.69
Australia,2016,2.63
Australia,2017,3.05
Australia,2018,2.56
Australia,2019,2.15
Australia,2020,2.89
Austria,1947,0.00
Austria,1948,0.00
Austria,1949,0.00
Austria,1950,0.00
Austria,1951,0.00
Austria,1952,0.00
Austria,1953,0.00
Austria,1954,0.00
Austria,1955,0.00
Austria,1956,0.00
Austria,1957,0.00
Austria,1958,0.00
Austria,1959,0.00
Austria,1960,0.00
Austria,1961,0.00
Austria,1962,0.00
Austria,1963,0.00
Austria,1964,0.00
Austria,1965,0.00
Austria,1966,0.00
Austria,1967,0.00
Austria,1968,0.00
Austria,1969,0.00
Austria,1970,0.00
Austria,1971,0.00
Austria,1972,0.00
Austria,1973,0.00
Austria,1974,0.00
Austria,1975,0.00
Austria,1976,0.00
Austria,1977,0.00
Austria,1978,0.00
Austria,1979,0.00
Austria,1980,0.00
Austria,1981,0.77
Austria,1982,0.00
Austria,1983,0.00
Austria,1984,0.00
Austria,1985,0.00
Austria,1986,0.00
Austria,1987,0.00
Austria,1988,0.00
Austria,1989,0.00
Austria,1990,0.00
Austria,1991,0.00
Austria,1992,0.00
Austria,1993,0.00
Austria,1994,0.00
Austria,1995,0.79
Austria,1996,0.00
Austria,1997,0.00
Austria,1998,0.00
Austria,1999,0.76
Austria,2000,0.00
Austria,2001,0.78
Austria,2002,0.77
Austria,2003,0.76
Austria,2004,0.00
Austria,2005,0.00
Austria,2006,0.00
Austria,2007,0.00
Austria,2008,0.79
Austria,2009,0.79
Austria,2010,0.79
Austria,2011,0.80
Austria,2012,1.53
Austria,2013,0.00
Austria,2014,1.57
Austria,2015,0.00
Austria,2016,0.79
Austria,2017,0.00
Austria,2018,0.76
Austria,2019,2.25
Belgium,1841,0.00
Belgium,1842,0.00
Belgium,1843,0.00
Belgium,1844,0.00
Belgium,1845,0.00
Belgium,1846,0.00
Belgium,1847,0.00
Belgium,1848,0.00
Belgium,1849,0.00
Belgium,1850,0.00
Belgium,1851,0.00
Belgium,1852,0.00
Belgium,1853,0.00
Belgium,1854,0.00
Belgium,1855,0.00
Belgium,1856,0.00
Belgium,1857,0.00
Belgium,1858,0.00
Belgium,1859,0.00
Belgium,1860,0.00
Belgium,1861,0.00
Belgium,1862,0.00
Belgium,1863,0.00
Belgium,1864,0.00
Belgium,1865,0.00
Belgium,1866,0.00
Belgium,1867,0.00
Belgium,1868,0.00
Belgium,1869,0.00
Belgium,1870,0.00
Belgium,1871,0.00
Belgium,1872,0.00
Belgium,1873,0.00
Belgium,1874,0.00
Belgium,1875,0.00
Belgium,1876,0.00
Belgium,1877,0.00
Belgium,1878,0.00
Belgium,1879,0.00
Belgium,1880,0.00
Belgium,1881,0.00
Belgium,1882,0.00
Belgium,1883,0.00
Belgium,1884,0.00
Belgium,1885,0.00
Belgium,1886,0.00
Belgium,1887,0.00
Belgium,1888,0.00
Belgium,1889,0.00
Belgium,1890,0.00
Belgium,1891,0.00
Belgium,1892,0.00
Belgium,1893,0.00
Belgium,1894,0.00
Belgium,1895,0.00
Belgium,1896,0.00
Belgium,1897,0.00
Belgium,1898,0.00
Belgium,1899,0.00
Belgium,1900,0.00
Belgium,1901,0.00
Belgium,1902,0.00
Belgium,1903,0.00
Belgium,1904,0.00
Belgium,1905,0.00
Belgium,1906,0.00
Belgium,1907,0.00
Belgium,1908,0.00
Belgium,1909,0.00
Belgium,1910,0.00
Belgium,1911,0.00
Belgium,1912,0.00
Belgium,1913,0.00
Belgium,1919,0.00
Belgium,1920,0.00
Belgium,1921,0.00
Belgium,1922,0.00
Belgium,1923,0.00
Belgium,1924,0.00
Belgium,1925,0.00
Belgium,1926,0.00
Belgium,1927,0.00
Belgium,1928,0.00
Belgium,1929,0.00
Belgium,1930,0.00
Belgium,1931,0.00
Belgium,1932,0.00
Belgium,1933,0.00
Belgium,1934,0.00
Belgium,1935,0.00
Belgium,1936,0.00
Belgium,1937,0.00
Belgium,1938,0.00
Belgium,1939,0.00
Belgium,1940,0.00
Belgium,1941,0.00
Belgium,1942,0.00
Belgium,1943,0.00
Belgium,1944,0.00
Belgium,1945,0.00
Belgium,1946,0.00
Belgium,1947,0.00
Belgium,1948,0.00
Belgium,1949,0.00
Belgium,1950,0.00
Belgium,1951,0.00
Belgium,1952,0.00
Belgium,1953,0.00
Belgium,1954,0.00
Belgium,1955,0.00
Belgium,1956,0.00
Belgium,1957,0.00
Belgium,1958,0.00
Belgium,1959,0.00
Belgium,1960,0.00
Belgium,1961,0.00
Belgium,1962,0.00
Belgium,1963,0.00
Belgium,1964,0.00
Belgium,1965,0.00
Belgium,1966,0.00
Belgium,1967,0.00
Belgium,1968,0.00
Belgium,1969,0.00
Belgium,1970,0.00
Belgium,1971,0.00
Belgium,1972,0.00
Belgium,1973,0.00
Belgium,1974,0.00
Belgium,1975,0.00
Belgium,1976,0.00
Belgium,1977,0.00
Belgium,1978,0.00
Belgium,1979,0.00
Belgium,1980,0.00
Belgium,1981,0.00
Belgium,1982,0.00
Belgium,1983,0.00
Belgium,1984,0.00
Belgium,1985,0.00
Belgium,1986,0.00
Belgium,1987,0.00
Belgium,1988,0.00
Belgium,1989,0.00
Belgium,1990,0.00
Belgium,1991,0.23
Belgium,1992,0.23
Belgium,1993,0.00
Belgium,1994,0.00
Belgium,1995,0.00
Belgium,1996,0.00
Belgium,1997,0.87
Belgium,1998,0.00
Belgium,1999,0.00
Belgium,2000,0.00
Belgium,2001,0.00
Belgium,2002,0.81
Belgium,2003,0.00
Belgium,2004,1.67
Belgium,2005,0.81
Belgium,2006,0.00
Belgium,2007,0.84
Belgium,2008,0.83
Belgium,2009,0.00
Belgium,2010,0.84
Belgium,2011,0.86
Belgium,2012,1.60
Belgium,2013,0.81
Belgium,2014,1.67
Belgium,2015,0.78
Belgium,2016,0.00
Belgium,2017,0.81
Belgium,2018,0.80
Belgium,2019,0.84
Belgium,2020,0.75
Belgium,2021,2.74
Belgium,2022,1.62
Bulgaria,1947,5.05
Bulgaria,1948,6.55
Bulgaria,1949,6.60
Bulgaria,1950,6.12
Bulgaria,1951,4.58
Bulgaria,1952,3.98
Bulgaria,1953,2.74
Bulgaria,1954,2.84
Bulgaria,1955,1.83
Bulgaria,1956,1.17
Bulgaria,1957,1.03
Bulgaria,1958,1.27
Bulgaria,1959,2.51
Bulgaria,1960,5.93
Bulgaria,1961,5.81
Bulgaria,1962,3.63
Bulgaria,1963,5.00
Bulgaria,1964,2.62
Bulgaria,1965,4.59
Bulgaria,1966,4.45
Bulgaria,1967,2.31
Bulgaria,1968,1.79
Bulgaria,1969,2.81
Bulgaria,1970,3.12
Bulgaria,1971,2.39
Bulgaria,1972,1.81
Bulgaria,1973,1.40
Bulgaria,1974,1.27
Bulgaria,1975,1.72
Bulgaria,1976,0.85
Bulgaria,1977,1.41
Bulgaria,1978,0.33
Bulgaria,1979,1.99
Bulgaria,1980,2.59
Bulgaria,1981,2.60
Bulgaria,1982,1.41
Bulgaria,1983,1.72
Bulgaria,1984,1.93
Bulgaria,1985,1.85
Bulgaria,1986,0.75
Bulgaria,1987,0.62
Bulgaria,1988,0.51
Bulgaria,1989,0.89
Bulgaria,1990,0.24
Bulgaria,1991,0.21
Bulgaria,1992,0.00
Bulgaria,1993,0.00
Bulgaria,1994,0.00
Bulgaria,1995,0.00
Bulgaria,1996,0.00
Bulgaria,1997,0.00
Bulgaria,1998,0.00
Bulgaria,1999,0.00
Bulgaria,2000,0.00
Bulgaria,2001,0.00
Bulgaria,2002,0.00
Bulgaria,2003,0.00
Bulgaria,2004,0.00
Bulgaria,2005,0.00
Bulgaria,2006,0.00
Bulgaria,2007,0.81
Bulgaria,2008,0.00
Bulgaria,2009,0.00
Bulgaria,2010,1.43
Bulgaria,2011,0.00
Bulgaria,2012,0.00
Bulgaria,2013,0.00
Bulgaria,2014,0.00
Bulgaria,2015,0.00
Bulgaria,2016,0.00
Bulgaria,2017,0.00
Bulgaria,2018,0.00
Bulgaria,2019,0.00
Bulgaria,2020,0.00
Bulgaria,2021,0.00
Canada,1921,0.00
Canada,1922,0.00
Canada,1923,0.00
Canada,1924,0.00
Canada,1925,0.00
Canada,1926,0.00
Canada,1927,0.00
Canada,1928,0.00
Canada,1929,0.00
Canada,1930,0.00
Canada,1931,0.00
Canada,1932,0.00
Canada,1933,0.00
Canada,1934,0.00
Canada,1935,0.00
Canada,1936,0.00
Canada,1937,0.00
Canada,1938,0.00
Canada,1939,0.00
Canada,1940,0.00
Canada,1941,0.00
Canada,1942,0.00
Canada,1943,0.00
Canada,1944,0.00
Canada,1945,0.00
Canada,1946,0.00
Canada,1947,0.00
Canada,1948,0.00
Canada,1949,0.00
Canada,1950,0.00
Canada,1951,2.74
Canada,1952,0.97
Canada,1953,0.00
Canada,1954,0.91
Canada,1955,0.00
Canada,1956,0.00
Canada,1957,0.96
Canada,1958,0.94
Canada,1959,0.00
Canada,1960,0.00
Canada,1961,0.94
Canada,1962,0.00
Canada,1963,0.39
Canada,1964,0.42
Canada,1965,0.39
Canada,1966,0.00
Canada,1967,0.00
Canada,1968,3.71
Canada,1969,1.92
Canada,1970,1.03
Canada,1971,0.00
Canada,1972,0.96
Canada,1973,0.00
Canada,1974,0.97
Canada,1975,1.02
Canada,1976,0.00
Canada,1977,0.00
Canada,1978,2.21
Canada,1979,3.43
Canada,1980,1.09
Canada,1981,2.30
Canada,1982,2.25
Canada,1983,2.27
Canada,1984,4.53
Canada,1985,2.13
Canada,1986,3.31
Canada,1987,3.24
Canada,1988,3.20
Canada,1989,2.20
Canada,1990,3.28
Canada,1991,4.21
Canada,1992,4.31
Canada,1993,8.40
Canada,1994,5.17
Canada,1995,7.29
Canada,1996,9.12
Canada,1997,5.91
Canada,1998,4.78
Canada,1999,6.60
Canada,2000,3.93
Canada,2001,6.75
Canada,2002,1.91
Canada,2003,4.78
Canada,2004,4.79
Canada,2005,3.84
Canada,2006,3.90
Canada,2007,4.82
Canada,2008,6.83
Canada,2009,7.03
Canada,2010,4.90
Canada,2011,3.97
Canada,2012,12.15
Canada,2013,9.93
Canada,2014,8.91
Canada,2015,12.13
Canada,2016,12.45
Canada,2017,12.80
Canada,2018,8.82
Canada,2019,10.06
Canada,2020,14.47
Canada,2021,13.59
Denmark,1835,#REF!
Denmark,1836,0.23
Denmark,1837,0.00
Denmark,1838,0.00
Denmark,1839,0.16
Denmark,1840,0.20
Denmark,1841,0.29
Denmark,1842,0.00
Denmark,1843,0.00
Denmark,1844,0.29
Denmark,1845,0.00
Denmark,1846,0.00
Denmark,1847,0.00
Denmark,1848,0.00
Denmark,1849,0.00
Denmark,1850,0.00
Denmark,1851,0.00
Denmark,1852,0.00
Denmark,1853,0.00
Denmark,1854,0.00
Denmark,1855,0.00
Denmark,1856,0.00
Denmark,1857,0.00
Denmark,1858,0.00
Denmark,1859,0.00
Denmark,1860,0.00
Denmark,1861,0.00
Denmark,1862,0.00
Denmark,1863,0.00
Denmark,1864,0.00
Denmark,1865,0.00
Denmark,1866,0.00
Denmark,1867,0.00
Denmark,1868,0.00
Denmark,1869,0.00
Denmark,1870,0.00
Denmark,1871,0.00
Denmark,1872,0.00
Denmark,1873,0.00
Denmark,1874,0.00
Denmark,1875,0.00
Denmark,1876,0.00
Denmark,1877,0.00
Denmark,1878,0.00
Denmark,1879,0.00
Denmark,1880,0.00
Denmark,1881,0.00
Denmark,1882,0.00
Denmark,1883,0.00
Denmark,1884,0.00
Denmark,1885,0.00
Denmark,1886,0.00
Denmark,1887,0.00
Denmark,1888,0.00
Denmark,1889,0.00
Denmark,1890,0.00
Denmark,1891,0.00
Denmark,1892,0.00
Denmark,1893,0.00
Denmark,1894,0.00
Denmark,1895,0.00
Denmark,1896,0.00
Denmark,1897,0.00
Denmark,1898,0.00
Denmark,1899,0.00
Denmark,1900,0.00
Denmark,1901,0.00
Denmark,1902,0.00
Denmark,1903,0.00
Denmark,1904,0.00
Denmark,1905,0.00
Denmark,1906,0.00
Denmark,1907,0.00
Denmark,1908,0.00
Denmark,1909,0.00
Denmark,1910,0.00
Denmark,1911,0.00
Denmark,1912,0.00
Denmark,1913,0.00
Denmark,1914,0.00
Denmark,1915,0.00
Denmark,1916,0.00
Denmark,1917,0.00
Denmark,1918,0.00
Denmark,1919,0.00
Denmark,1920,0.00
Denmark,1921,0.00
Denmark,1922,0.00
Denmark,1923,0.00
Denmark,1924,0.00
Denmark,1925,0.00
Denmark,1926,0.00
Denmark,1927,0.00
Denmark,1928,0.00
Denmark,1929,0.00
Denmark,1930,0.00
Denmark,1931,0.00
Denmark,1932,0.00
Denmark,1933,0.00
Denmark,1934,0.00
Denmark,1935,0.00
Denmark,1936,0.00
Denmark,1937,0.00
Denmark,1938,0.00
Denmark,1939,0.00
Denmark,1940,0.00
Denmark,1941,0.00
Denmark,1942,0.00
Denmark,1943,0.00
Denmark,1944,0.00
Denmark,1945,0.00
Denmark,1946,0.00
Denmark,1947,0.00
Denmark,1948,0.00
Denmark,1949,0.00
Denmark,1950,0.00
Denmark,1951,0.00
Denmark,1952,0.00
Denmark,1953,0.00
Denmark,1954,0.00
Denmark,1955,0.00
Denmark,1956,0.00
Denmark,1957,0.00
Denmark,1958,0.00
Denmark,1959,0.00
Denmark,1960,0.00
Denmark,1961,0.00
Denmark,1962,0.00
Denmark,1963,0.00
Denmark,1964,0.00
Denmark,1965,0.00
Denmark,1966,0.00
Denmark,1967,0.00
Denmark,1968,0.00
Denmark,1969,0.00
Denmark,1970,0.00
Denmark,1971,0.00
Denmark,1972,0.00
Denmark,1973,0.00
Denmark,1974,0.00
Denmark,1975,0.00
Denmark,1976,0.81
Denmark,1977,0.00
Denmark,1978,0.00
Denmark,1979,0.00
Denmark,1980,0.00
Denmark,1981,0.00
Denmark,1982,0.00
Denmark,1983,0.00
Denmark,1984,0.00
Denmark,1985,0.00
Denmark,1986,0.00
Denmark,1987,0.00
Denmark,1988,0.91
Denmark,1989,0.00
Denmark,1990,0.00
Denmark,1991,0.00
Denmark,1992,0.00
Denmark,1993,0.00
Denmark,1994,0.89
Denmark,1995,0.00
Denmark,1996,0.00
Denmark,1997,0.00
Denmark,1998,0.95
Denmark,1999,0.90
Denmark,2000,0.00
Denmark,2001,0.00
Denmark,2002,0.87
Denmark,2003,1.80
Denmark,2004,0.00
Denmark,2005,0.00
Denmark,2006,0.00
Denmark,2007,0.00
Denmark,2008,0.00
Denmark,2009,0.00
Denmark,2010,1.88
Denmark,2011,1.84
Denmark,2012,0.00
Denmark,2013,1.83
Denmark,2014,0.00
Denmark,2015,0.00
Denmark,2016,0.92
Denmark,2017,0.88
Denmark,2018,0.00
Denmark,2019,3.49
Denmark,2020,0.00
Denmark,2021,0.00
Denmark,2022,0.80
Denmark,2023,0.80
Estonia,1959,0.00
Estonia,1960,0.00
Estonia,1961,0.00
Estonia,1962,0.00
Estonia,1963,0.00
Estonia,1964,0.00
Estonia,1965,0.00
Estonia,1966,0.00
Estonia,1967,0.00
Estonia,1968,0.00
Estonia,1969,0.00
Estonia,1970,0.00
Estonia,1971,0.00
Estonia,1972,0.00
Estonia,1973,0.00
Estonia,1974,0.00
Estonia,1975,0.00
Estonia,1976,0.00
Estonia,1977,0.00
Estonia,1978,0.00
Estonia,1979,0.00
Estonia,1980,0.00
Estonia,1981,0.00
Estonia,1982,0.00
Estonia,1983,0.00
Estonia,1984,0.00
Estonia,1985,0.00
Estonia,1986,0.00
Estonia,1987,0.00
Estonia,1988,0.00
Estonia,1989,0.00
Estonia,1990,0.00
Estonia,1991,0.00
Estonia,1992,0.00
Estonia,1993,0.00
Estonia,1994,0.00
Estonia,1995,0.00
Estonia,1996,0.00
Estonia,1997,0.00
Estonia,1998,0.00
Estonia,1999,0.00
Estonia,2000,0.00
Estonia,2001,0.00
Estonia,2002,0.00
Estonia,2003,0.00
Estonia,2004,0.00
Estonia,2005,0.00
Estonia,2006,0.00
Estonia,2007,0.00
Estonia,2008,0.00
Estonia,2009,0.00
Estonia,2010,0.00
Estonia,2011,0.00
Estonia,2012,0.00
Estonia,2013,0.00
Estonia,2014,0.00
Estonia,2015,0.00
Estonia,2016,0.00
Estonia,2017,0.00
Estonia,2018,0.00
Estonia,2019,0.00
Finland,1878,0.00
Finland,1879,0.00
Finland,1880,0.00
Finland,1881,0.00
Finland,1882,0.00
Finland,1883,0.00
Finland,1884,0.00
Finland,1885,0.00
Finland,1886,0.00
Finland,1887,0.00
Finland,1888,0.00
Finland,1889,0.00
Finland,1890,0.00
Finland,1891,0.00
Finland,1892,0.00
Finland,1893,0.00
Finland,1894,0.00
Finland,1895,0.00
Finland,1896,0.00
Finland,1897,0.00
Finland,1898,0.00
Finland,1899,0.00
Finland,1900,0.00
Finland,1901,0.00
Finland,1902,0.00
Finland,1903,0.00
Finland,1904,0.00
Finland,1905,0.00
Finland,1906,0.00
Finland,1907,0.00
Finland,1908,0.00
Finland,1909,0.00
Finland,1910,0.00
Finland,1911,0.00
Finland,1912,0.00
Finland,1913,0.00
Finland,1914,0.00
Finland,1915,0.00
Finland,1916,0.00
Finland,1917,0.00
Finland,1918,0.00
Finland,1919,0.00
Finland,1920,0.00
Finland,1921,0.00
Finland,1922,0.00
Finland,1923,0.00
Finland,1924,0.00
Finland,1925,0.00
Finland,1926,0.00
Finland,1927,0.00
Finland,1928,0.00
Finland,1929,0.00
Finland,1930,0.00
Finland,1931,0.00
Finland,1932,0.00
Finland,1933,0.00
Finland,1934,0.00
Finland,1935,0.00
Finland,1936,0.00
Finland,1937,0.00
Finland,1938,0.00
Finland,1939,0.00
Finland,1940,0.00
Finland,1941,0.00
Finland,1942,0.00
Finland,1943,0.00
Finland,1944,0.00
Finland,1945,0.00
Finland,1946,0.00
Finland,1947,0.00
Finland,1948,0.00
Finland,1949,0.00
Finland,1950,0.00
Finland,1951,0.00
Finland,1952,0.00
Finland,1953,0.00
Finland,1954,0.00
Finland,1955,0.00
Finland,1956,0.00
Finland,1957,0.00
Finland,1958,0.00
Finland,1959,0.00
Finland,1960,0.00
Finland,1961,0.00
Finland,1962,0.00
Finland,1963,0.00
Finland,1964,0.00
Finland,1965,0.00
Finland,1966,0.00
Finland,1967,0.00
Finland,1968,0.00
Finland,1969,0.00
Finland,1970,0.00
Finland,1971,0.00
Finland,1972,0.00
Finland,1973,0.00
Finland,1974,0.00
Finland,1975,0.00
Finland,1976,0.00
Finland,1977,0.00
Finland,1978,0.00
Finland,1979,0.00
Finland,1980,0.00
Finland,1981,0.00
Finland,1982,0.00
Finland,1983,0.00
Finland,1984,0.00
Finland,1985,0.00
Finland,1986,0.00
Finland,1987,0.00
Finland,1988,0.00
Finland,1989,0.00
Finland,1990,0.86
Finland,1991,0.00
Finland,1992,0.00
Finland,1993,0.00
Finland,1994,0.83
Finland,1995,0.00
Finland,1996,0.00
Finland,1997,0.00
Finland,1998,0.00
Finland,1999,0.00
Finland,2000,0.80
Finland,2001,0.00
Finland,2002,0.00
Finland,2003,0.00
Finland,2004,0.00
Finland,2005,0.82
Finland,2006,0.00
Finland,2007,0.80
Finland,2008,0.00
Finland,2009,0.00
Finland,2010,0.00
Finland,2011,0.00
Finland,2012,0.00
Finland,2013,0.78
Finland,2014,0.78
Finland,2015,0.00
Finland,2016,0.00
Finland,2017,0.00
Finland,2018,0.77
Finland,2019,0.00
Finland,2020,1.61
Finland,2021,0.81
Finland,2022,1.49
France,1816,2.06
France,1817,5.90
France,1818,4.91
France,1819,0.86
France,1820,0.84
France,1821,0.00
France,1822,0.00
France,1823,0.00
France,1824,0.00
France,1825,0.37
France,1826,0.31
France,1827,0.00
France,1828,0.00
France,1829,1.33
France,1830,0.00
France,1831,1.34
France,1832,1.70
France,1833,1.81
France,1834,2.48
France,1835,1.37
France,1836,0.41
France,1837,0.72
France,1838,2.15
France,1839,0.47
France,1840,0.00
France,1841,0.00
France,1842,0.00
France,1843,0.00
France,1844,0.00
France,1845,0.00
France,1846,0.00
France,1847,0.00
France,1848,0.00
France,1849,0.00
France,1850,0.00
France,1851,0.00
France,1852,0.00
France,1853,0.00
France,1854,0.00
France,1855,0.00
France,1856,0.00
France,1857,0.00
France,1858,0.00
France,1859,0.00
France,1860,0.00
France,1861,0.00
France,1862,0.00
France,1863,0.00
France,1864,0.00
France,1865,0.00
France,1866,0.00
France,1867,0.00
France,1868,0.00
France,1869,0.00
France,1870,0.00
France,1871,0.00
France,1872,0.00
France,1873,0.00
France,1874,0.00
France,1875,0.00
France,1876,0.00
France,1877,0.00
France,1878,0.00
France,1879,0.00
France,1880,0.00
France,1881,0.00
France,1882,0.00
France,1883,0.00
France,1884,0.00
France,1885,0.00
France,1886,0.00
France,1887,0.00
France,1888,0.00
France,1889,0.00
France,1890,0.00
France,1891,0.00
France,1892,0.00
France,1893,0.00
France,1894,0.00
France,1895,0.00
France,1896,0.00
France,1897,0.00
France,1898,0.00
France,1899,0.00
France,1900,0.00
France,1901,0.00
France,1902,0.00
France,1903,0.00
France,1904,0.00
France,1905,0.00
France,1906,0.00
France,1907,0.00
France,1908,0.00
France,1909,0.77
France,1910,0.00
France,1911,0.00
France,1912,0.00
France,1913,0.00
France,1914,0.00
France,1915,0.00
France,1916,0.00
France,1917,0.00
France,1918,0.00
France,1919,0.00
France,1920,0.00
France,1921,0.00
France,1922,0.00
France,1923,0.00
France,1924,0.00
France,1925,0.00
France,1926,0.00
France,1927,0.00
France,1928,0.00
France,1929,0.00
France,1930,0.00
France,1931,0.00
France,1932,0.00
France,1933,0.00
France,1934,0.00
France,1935,0.00
France,1936,0.00
France,1937,0.00
France,1938,0.00
France,1939,0.00
France,1940,0.00
France,1941,0.00
France,1942,0.00
France,1943,0.00
France,1944,0.00
France,1945,0.00
France,1946,0.00
France,1947,0.00
France,1948,0.00
France,1949,0.00
France,1950,0.00
France,1951,0.00
France,1952,0.00
France,1953,0.00
France,1954,0.41
France,1955,0.00
France,1956,0.00
France,1957,0.00
France,1958,0.00
France,1959,0.00
France,1960,0.39
France,1961,0.00
France,1962,0.00
France,1963,0.00
France,1964,0.43
France,1965,0.00
France,1966,0.00
France,1967,0.42
France,1968,0.00
France,1969,0.84
France,1970,0.00
France,1971,0.00
France,1972,0.86
France,1973,0.00
France,1974,0.83
France,1975,0.00
France,1976,0.82
France,1977,0.00
France,1978,0.86
France,1979,1.75
France,1980,0.00
France,1981,0.00
France,1982,0.87
France,1983,2.47
France,1984,0.86
France,1985,0.84
France,1986,0.00
France,1987,1.76
France,1988,5.30
France,1989,5.09
France,1990,2.54
France,1991,1.74
France,1992,3.50
France,1993,5.16
France,1994,3.57
France,1995,6.92
France,1996,3.44
France,1997,7.77
France,1998,7.77
France,1999,3.43
France,2000,9.56
France,2001,2.60
France,2002,7.76
France,2003,8.93
France,2004,5.51
France,2005,8.16
France,2006,10.21
France,2007,12.78
France,2008,15.49
France,2009,16.94
France,2010,17.76
France,2011,18.38
France,2012,22.50
France,2013,25.05
France,2014,25.33
France,2015,29.21
France,2016,30.59
France,2017,30.63
France,2018,16.15
France,2019,12.07
France,2020,15.38
France,2021,13.58
Germany,1956,0.00
Germany,1957,0.00
Germany,1958,0.00
Germany,1959,0.00
Germany,1960,0.00
Germany,1961,0.00
Germany,1962,0.00
Germany,1963,0.00
Germany,1964,0.00
Germany,1965,0.80
Germany,1966,0.00
Germany,1967,0.00
Germany,1968,0.00
Germany,1969,0.00
Germany,1970,0.00
Germany,1971,0.00
Germany,1972,0.00
Germany,1973,0.00
Germany,1974,0.00
Germany,1975,0.00
Germany,1976,0.00
Germany,1977,0.83
Germany,1978,0.00
Germany,1979,0.00
Germany,1980,11.42
Germany,1981,8.44
Germany,1982,0.87
Germany,1983,0.00
Germany,1984,0.00
Germany,1985,0.00
Germany,1986,0.85
Germany,1987,1.73
Germany,1988,0.00
Germany,1989,5.83
Germany,1990,19.90
Germany,1991,0.81
Germany,1992,4.98
Germany,1993,0.80
Germany,1994,0.00
Germany,1995,0.82
Germany,1996,3.24
Germany,1997,0.00
Germany,1998,3.29
Germany,1999,10.51
Germany,2000,2.51
Germany,2001,3.35
Germany,2002,4.09
Germany,2003,1.61
Germany,2004,5.04
Germany,2005,5.06
Germany,2006,3.16
Germany,2007,6.63
Germany,2008,7.14
Germany,2009,3.69
Germany,2010,7.22
Germany,2011,7.81
Germany,2012,6.82
Germany,2013,9.42
Germany,2014,6.57
Germany,2015,9.88
Germany,2016,9.58
Germany,2017,8.46
Germany,2018,12.84
Germany,2019,11.53
Germany,2020,11.09
Hungary,1950,0.00
Hungary,1951,0.00
Hungary,1952,0.00
Hungary,1953,0.00
Hungary,1954,0.00
Hungary,1955,0.00
Hungary,1956,0.00
Hungary,1957,0.00
Hungary,1958,0.00
Hungary,1959,0.00
Hungary,1960,0.00
Hungary,1961,0.00
Hungary,1962,0.00
Hungary,1963,0.00
Hungary,1964,0.00
Hungary,1965,0.00
Hungary,1966,0.00
Hungary,1967,0.00
Hungary,1968,0.00
Hungary,1969,0.00
Hungary,1970,0.00
Hungary,1971,0.00
Hungary,1972,0.00
Hungary,1973,0.00
Hungary,1974,0.00
Hungary,1975,0.00
Hungary,1976,0.00
Hungary,1977,0.00
Hungary,1978,0.00
Hungary,1979,0.00
Hungary,1980,0.00
Hungary,1981,0.00
Hungary,1982,0.00
Hungary,1983,0.00
Hungary,1984,0.00
Hungary,1985,0.00
Hungary,1986,0.00
Hungary,1987,0.00
Hungary,1988,0.00
Hungary,1989,0.00
Hungary,1990,0.00
Hungary,1991,0.00
Hungary,1992,0.00
Hungary,1993,0.00
Hungary,1994,0.00
Hungary,1995,0.00
Hungary,1996,0.00
Hungary,1997,0.83
Hungary,1998,0.00
Hungary,1999,0.00
Hungary,2000,2.54
Hungary,2001,0.00
Hungary,2002,0.00
Hungary,2003,0.00
Hungary,2004,0.00
Hungary,2005,0.00
Hungary,2006,0.00
Hungary,2007,0.85
Hungary,2008,0.00
Hungary,2009,1.69
Hungary,2010,0.00
Hungary,2011,0.00
Hungary,2012,0.00
Hungary,2013,0.83
Hungary,2014,0.00
Hungary,2015,0.82
Hungary,2016,0.87
Hungary,2017,0.00
Hungary,2018,1.77
Hungary,2019,0.00
Hungary,2020,0.00
Iceland,1838,0.00
Iceland,1839,0.00
Iceland,1840,0.00
Iceland,1841,0.00
Iceland,1842,0.00
Iceland,1843,0.00
Iceland,1844,0.00
Iceland,1845,0.00
Iceland,1846,0.00
Iceland,1847,0.00
Iceland,1848,0.00
Iceland,1849,0.00
Iceland,1850,0.00
Iceland,1851,0.00
Iceland,1852,0.00
Iceland,1853,0.00
Iceland,1854,0.00
Iceland,1855,0.00
Iceland,1856,0.00
Iceland,1857,0.00
Iceland,1858,0.00
Iceland,1859,0.00
Iceland,1860,0.00
Iceland,1861,0.00
Iceland,1862,0.00
Iceland,1863,0.00
Iceland,1864,0.00
Iceland,1865,0.00
Iceland,1866,0.00
Iceland,1867,0.00
Iceland,1868,0.00
Iceland,1869,0.00
Iceland,1870,0.00
Iceland,1871,0.00
Iceland,1872,0.00
Iceland,1873,0.00
Iceland,1874,0.00
Iceland,1875,0.00
Iceland,1876,0.00
Iceland,1877,0.00
Iceland,1878,0.00
Iceland,1879,0.00
Iceland,1880,0.00
Iceland,1881,0.00
Iceland,1882,0.00
Iceland,1883,0.00
Iceland,1884,0.00
Iceland,1885,0.00
Iceland,1886,0.00
Iceland,1887,0.00
Iceland,1888,0.00
Iceland,1889,0.00
Iceland,1890,0.00
Iceland,1891,0.00
Iceland,1892,0.00
Iceland,1893,0.00
Iceland,1894,0.00
Iceland,1895,0.00
Iceland,1896,0.00
Iceland,1897,0.00
Iceland,1898,0.00
Iceland,1899,0.00
Iceland,1900,0.00
Iceland,1901,0.00
Iceland,1902,0.00
Iceland,1903,0.00
Iceland,1904,0.00
Iceland,1905,0.00
Iceland,1906,0.00
Iceland,1907,0.00
Iceland,1908,0.00
Iceland,1909,0.00
Iceland,1910,0.00
Iceland,1911,0.00
Iceland,1912,0.00
Iceland,1913,0.00
Iceland,1914,0.00
Iceland,1915,0.00
Iceland,1916,0.00
Iceland,1917,0.00
Iceland,1918,0.00
Iceland,1919,0.00
Iceland,1920,0.00
Iceland,1921,0.00
Iceland,1922,0.00
Iceland,1923,0.00
Iceland,1924,0.00
Iceland,1925,0.00
Iceland,1926,0.00
Iceland,1927,0.00
Iceland,1928,0.00
Iceland,1929,0.00
Iceland,1930,0.00
Iceland,1931,0.00
Iceland,1932,0.00
Iceland,1933,0.00
Iceland,1934,0.00
Iceland,1935,0.00
Iceland,1936,0.00
Iceland,1937,0.00
Iceland,1938,0.00
Iceland,1939,0.00
Iceland,1940,0.00
Iceland,1941,0.00
Iceland,1942,0.00
Iceland,1943,0.00
Iceland,1944,0.00
Iceland,1945,0.00
Iceland,1946,0.00
Iceland,1947,0.00
Iceland,1948,0.00
Iceland,1949,0.00
Iceland,1950,0.00
Iceland,1951,0.00
Iceland,1952,0.00
Iceland,1953,0.00
Iceland,1954,0.00
Iceland,1955,0.00
Iceland,1956,0.00
Iceland,1957,0.00
Iceland,1958,0.00
Iceland,1959,0.00
Iceland,1960,0.00
Iceland,1961,0.00
Iceland,1962,0.00
Iceland,1963,0.00
Iceland,1964,0.00
Iceland,1965,0.00
Iceland,1966,0.00
Iceland,1967,0.00
Iceland,1968,0.00
Iceland,1969,0.00
Iceland,1970,0.00
Iceland,1971,0.00
Iceland,1972,0.00
Iceland,1973,0.00
Iceland,1974,0.00
Iceland,1975,0.00
Iceland,1976,0.00
Iceland,1977,0.00
Iceland,1978,0.00
Iceland,1979,0.00
Iceland,1980,0.00
Iceland,1981,0.00
Iceland,1982,0.00
Iceland,1983,0.00
Iceland,1984,0.00
Iceland,1985,0.00
Iceland,1986,0.00
Iceland,1987,0.00
Iceland,1988,0.00
Iceland,1989,0.00
Iceland,1990,0.00
Iceland,1991,0.00
Iceland,1992,0.00
Iceland,1993,0.00
Iceland,1994,0.00
Iceland,1995,0.00
Iceland,1996,0.00
Iceland,1997,0.00
Iceland,1998,0.00
Iceland,1999,0.00
Iceland,2000,0.00
Iceland,2001,0.00
Iceland,2002,0.00
Iceland,2003,0.00
Iceland,2004,0.00
Iceland,2005,0.00
Iceland,2006,1.53
Iceland,2007,0.00
Iceland,2008,0.00
Iceland,2009,0.00
Iceland,2010,0.00
Iceland,2011,0.00
Iceland,2012,0.00
Iceland,2013,0.00
Iceland,2014,0.00
Iceland,2015,0.81
Iceland,2016,0.00
Iceland,2017,0.00
Iceland,2018,0.00
Iceland,2019,0.81
Iceland,2020,0.00
Iceland,2021,0.00
Ireland,1950,0.00
Ireland,1951,0.00
Ireland,1952,0.00
Ireland,1953,0.00
Ireland,1954,0.00
Ireland,1955,0.00
Ireland,1956,0.00
Ireland,1957,0.00
Ireland,1958,0.00
Ireland,1959,0.00
Ireland,1960,0.00
Ireland,1961,0.00
Ireland,1962,0.00
Ireland,1963,0.00
Ireland,1964,0.00
Ireland,1965,0.00
Ireland,1966,0.00
Ireland,1967,0.93
Ireland,1968,0.00
Ireland,1969,0.00
Ireland,1970,0.00
Ireland,1971,0.00
Ireland,1972,0.00
Ireland,1973,0.00
Ireland,1974,0.00
Ireland,1975,0.00
Ireland,1976,0.00
Ireland,1977,0.00
Ireland,1978,0.00
Ireland,1979,0.00
Ireland,1980,0.00
Ireland,1981,0.00
Ireland,1982,0.00
Ireland,1983,0.00
Ireland,1984,0.00
Ireland,1985,0.00
Ireland,1986,0.00
Ireland,1987,0.00
Ireland,1988,0.00
Ireland,1989,0.00
Ireland,1990,0.00
Ireland,1991,0.00
Ireland,1992,0.00
Ireland,1993,0.00
Ireland,1994,0.00
Ireland,1995,0.00
Ireland,1996,0.00
Ireland,1997,0.00
Ireland,1998,0.00
Ireland,1999,0.00
Ireland,2000,0.00
Ireland,2001,0.00
Ireland,2002,0.00
Ireland,2003,0.88
Ireland,2004,0.86
Ireland,2005,0.00
Ireland,2006,0.85
Ireland,2007,0.00
Ireland,2008,0.00
Ireland,2009,0.00
Ireland,2010,0.00
Ireland,2011,0.82
Ireland,2012,0.00
Ireland,2013,0.00
Ireland,2014,0.00
Ireland,2015,0.00
Ireland,2016,0.00
Ireland,2017,0.00
Ireland,2018,0.00
Ireland,2019,0.00
Ireland,2020,0.27
Italy,1872,0.00
Italy,1873,0.00
Italy,1874,0.00
Italy,1875,0.00
Italy,1876,0.00
Italy,1877,0.00
Italy,1878,0.00
Italy,1879,0.00
Italy,1880,0.00
Italy,1881,0.00
Italy,1882,0.00
Italy,1883,1.89
Italy,1884,0.00
Italy,1885,0.00
Italy,1886,0.00
Italy,1887,0.00
Italy,1888,0.00
Italy,1889,0.00
Italy,1890,0.00
Italy,1891,0.00
Italy,1892,0.00
Italy,1893,0.00
Italy,1894,0.00
Italy,1895,0.00
Italy,1896,0.00
Italy,1897,0.00
Italy,1898,0.00
Italy,1899,0.00
Italy,1900,0.00
Italy,1901,0.00
Italy,1902,0.00
Italy,1903,0.00
Italy,1904,0.00
Italy,1905,0.00
Italy,1906,0.00
Italy,1907,0.00
Italy,1908,0.00
Italy,1909,0.00
Italy,1910,0.00
Italy,1911,0.00
Italy,1912,0.00
Italy,1913,0.00
Italy,1914,0.00
Italy,1915,0.00
Italy,1916,0.00
Italy,1917,0.00
Italy,1918,0.00
Italy,1919,0.00
Italy,1920,0.00
Italy,1921,0.00
Italy,1922,0.00
Italy,1923,0.00
Italy,1924,0.00
Italy,1925,0.00
Italy,1926,0.00
Italy,1927,0.00
Italy,1928,0.00
Italy,1929,0.00
Italy,1930,0.00
Italy,1931,0.00
Italy,1932,0.00
Italy,1933,0.00
Italy,1934,0.85
Italy,1935,0.00
Italy,1936,0.00
Italy,1937,0.00
Italy,1938,0.00
Italy,1939,0.00
Italy,1940,0.00
Italy,1941,0.00
Italy,1942,0.00
Italy,1943,0.00
Italy,1944,0.00
Italy,1945,0.00
Italy,1946,0.00
Italy,1947,0.00
Italy,1948,0.00
Italy,1949,0.00
Italy,1950,0.00
Italy,1951,0.00
Italy,1952,0.00
Italy,1953,0.00
Italy,1954,0.00
Italy,1955,0.00
Italy,1956,0.00
Italy,1957,0.00
Italy,1958,0.00
Italy,1959,0.00
Italy,1960,0.79
Italy,1961,0.00
Italy,1962,0.77
Italy,1963,0.00
Italy,1964,0.85
Italy,1965,0.00
Italy,1966,0.00
Italy,1967,0.00
Italy,1968,0.78
Italy,1969,0.87
Italy,1970,0.84
Italy,1971,0.00
Italy,1972,0.86
Italy,1973,0.00
Italy,1974,0.00
Italy,1975,0.00
Italy,1976,1.63
Italy,1977,0.00
Italy,1978,0.83
Italy,1979,0.85
Italy,1980,0.00
Italy,1981,0.84
Italy,1982,0.00
Italy,1983,0.81
Italy,1984,0.00
Italy,1985,0.85
Italy,1986,0.87
Italy,1987,0.00
Italy,1988,0.87
Italy,1989,1.78
Italy,1990,1.71
Italy,1991,0.00
Italy,1992,3.48
Italy,1993,3.50
Italy,1994,1.71
Italy,1995,1.73
Italy,1996,2.67
Italy,1997,2.57
Italy,1998,2.56
Italy,1999,3.51
Italy,2000,3.54
Italy,2001,6.20
Italy,2002,4.40
Italy,2003,8.25
Italy,2004,2.81
Italy,2005,7.77
Italy,2006,5.43
Italy,2007,14.88
Italy,2008,8.61
Italy,2009,5.16
Italy,2010,6.07
Italy,2011,12.05
Italy,2012,14.07
Italy,2013,6.92
Italy,2014,10.58
Italy,2015,20.98
Italy,2016,11.14
Italy,2017,17.93
Italy,2018,17.63
Italy,2019,22.69
Italy,2020,21.66
Japan,1947,0.76
Japan,1948,0.00
Japan,1949,0.00
Japan,1950,0.00
Japan,1951,0.00
Japan,1952,0.00
Japan,1953,0.00
Japan,1954,0.00
Japan,1955,0.86
Japan,1956,0.00
Japan,1957,1.49
Japan,1958,0.86
Japan,1959,0.00
Japan,1960,0.00
Japan,1961,0.00
Japan,1962,0.00
Japan,1963,0.83
Japan,1964,0.82
Japan,1965,0.00
Japan,1966,0.80
Japan,1967,0.00
Japan,1968,0.00
Japan,1969,0.00
Japan,1970,0.00
Japan,1971,0.00
Japan,1972,0.00
Japan,1973,0.00
Japan,1974,0.00
Japan,1975,0.00
Japan,1976,0.00
Japan,1977,0.00
Japan,1978,0.00
Japan,1979,1.68
Japan,1980,0.78
Japan,1981,0.00
Japan,1982,0.87
Japan,1983,0.82
Japan,1984,0.85
Japan,1985,0.84
Japan,1986,0.87
Japan,1987,1.77
Japan,1988,1.69
Japan,1989,2.64
Japan,1990,5.08
Japan,1991,0.87
Japan,1992,1.77
Japan,1993,0.89
Japan,1994,0.90
Japan,1995,3.58
Japan,1996,4.80
Japan,1997,8.66
Japan,1998,2.98
Japan,1999,3.82
Japan,2000,6.13
Japan,2001,15.44
Japan,2002,5.26
Japan,2003,13.51
Japan,2004,28.35
Japan,2005,25.20
Japan,2006,31.75
Japan,2007,39.82
Japan,2008,40.06
Japan,2009,38.61
Japan,2010,50.53
Japan,2011,61.74
Japan,2012,48.22
Japan,2013,59.93
Japan,2014,52.42
Japan,2015,57.56
Japan,2016,85.67
Japan,2017,90.30
Japan,2018,99.60
Japan,2019,101.41
Japan,2020,131.86
Japan,2021,114.27
Japan,2022,114.20
Latvia,1959,1.51
Latvia,1960,0.00
Latvia,1961,0.00
Latvia,1962,0.00
Latvia,1963,0.00
Latvia,1964,0.00
Latvia,1965,0.00
Latvia,1966,0.00
Latvia,1967,0.00
Latvia,1968,0.00
Latvia,1969,0.00
Latvia,1970,0.00
Latvia,1971,0.00
Latvia,1972,0.00
Latvia,1973,0.00
Latvia,1974,0.00
Latvia,1975,0.00
Latvia,1976,0.00
Latvia,1977,0.00
Latvia,1978,0.00
Latvia,1979,0.00
Latvia,1980,0.00
Latvia,1981,0.00
Latvia,1982,0.00
Latvia,1983,0.00
Latvia,1984,0.00
Latvia,1985,0.00
Latvia,1986,0.00
Latvia,1987,0.00
Latvia,1988,0.00
Latvia,1989,0.00
Latvia,1990,0.00
Latvia,1991,0.00
Latvia,1992,0.00
Latvia,1993,0.00
Latvia,1994,0.00
Latvia,1995,0.00
Latvia,1996,0.00
Latvia,1997,0.00
Latvia,1998,0.00
Latvia,1999,0.00
Latvia,2000,0.00
Latvia,2001,0.00
Latvia,2002,0.00
Latvia,2003,0.00
Latvia,2004,0.00
Latvia,2005,0.00
Latvia,2006,0.00
Latvia,2007,0.00
Latvia,2008,0.00
Latvia,2009,0.00
Latvia,2010,0.00
Latvia,2011,0.00
Latvia,2012,0.27
Latvia,2013,0.00
Latvia,2014,0.00
Latvia,2015,0.00
Latvia,2016,0.00
Latvia,2017,0.00
Latvia,2018,0.00
Latvia,2019,0.00
Lithuania,1959,4.41
Lithuania,1960,2.23
Lithuania,1961,2.72
Lithuania,1962,2.33
Lithuania,1963,1.28
Lithuania,1964,1.86
Lithuania,1965,0.86
Lithuania,1966,1.20
Lithuania,1967,1.34
Lithuania,1968,1.51
Lithuania,1969,2.15
Lithuania,1970,2.23
Lithuania,1971,0.00
Lithuania,1972,0.69
Lithuania,1973,1.88
Lithuania,1974,0.51
Lithuania,1975,0.99
Lithuania,1976,0.39
Lithuania,1977,0.00
Lithuania,1978,0.00
Lithuania,1979,1.38
Lithuania,1980,1.41
Lithuania,1981,1.57
Lithuania,1982,1.09
Lithuania,1983,0.48
Lithuania,1984,0.50
Lithuania,1985,1.42
Lithuania,1986,1.72
Lithuania,1987,1.41
Lithuania,1988,2.27
Lithuania,1989,3.07
Lithuania,1990,3.15
Lithuania,1991,2.24
Lithuania,1992,2.45
Lithuania,1993,2.12
Lithuania,1994,2.04
Lithuania,1995,0.74
Lithuania,1996,0.25
Lithuania,1997,0.28
Lithuania,1998,0.30
Lithuania,1999,0.31
Lithuania,2000,0.34
Lithuania,2001,0.00
Lithuania,2002,0.00
Lithuania,2003,0.31
Lithuania,2004,0.00
Lithuania,2005,0.92
Lithuania,2006,1.27
Lithuania,2007,1.45
Lithuania,2008,0.53
Lithuania,2009,0.54
Lithuania,2010,0.00
Lithuania,2011,0.00
Lithuania,2012,0.00
Lithuania,2013,0.00
Lithuania,2014,0.00
Lithuania,2015,0.00
Lithuania,2016,0.00
Lithuania,2017,0.00
Lithuania,2018,0.00
Lithuania,2019,0.00
Lithuania,2020,0.00
Netherlands,1850,0.00
Netherlands,1851,0.00
Netherlands,1852,0.00
Netherlands,1853,0.00
Netherlands,1854,0.00
Netherlands,1855,0.00
Netherlands,1856,0.00
Netherlands,1857,0.00
Netherlands,1858,0.00
Netherlands,1859,0.00
Netherlands,1860,0.00
Netherlands,1861,0.00
Netherlands,1862,0.00
Netherlands,1863,0.00
Netherlands,1864,0.00
Netherlands,1865,0.00
Netherlands,1866,0.00
Netherlands,1867,0.00
Netherlands,1868,0.00
Netherlands,1869,0.00
Netherlands,1870,0.00
Netherlands,1871,0.00
Netherlands,1872,0.00
Netherlands,1873,0.00
Netherlands,1874,0.00
Netherlands,1875,0.00
Netherlands,1876,0.00
Netherlands,1877,0.00
Netherlands,1878,0.00
Netherlands,1879,0.00
Netherlands,1880,0.00
Netherlands,1881,0.00
Netherlands,1882,0.00
Netherlands,1883,0.00
Netherlands,1884,0.00
Netherlands,1885,0.00
Netherlands,1886,0.00
Netherlands,1887,0.00
Netherlands,1888,0.00
Netherlands,1889,0.00
Netherlands,1890,0.00
Netherlands,1891,0.00
Netherlands,1892,0.00
Netherlands,1893,0.00
Netherlands,1894,0.00
Netherlands,1895,0.00
Netherlands,1896,0.00
Netherlands,1897,0.00
Netherlands,1898,0.00
Netherlands,1899,0.00
Netherlands,1900,0.00
Netherlands,1901,0.00
Netherlands,1902,0.00
Netherlands,1903,0.00
Netherlands,1904,0.00
Netherlands,1905,0.00
Netherlands,1906,0.00
Netherlands,1907,0.00
Netherlands,1908,0.00
Netherlands,1909,0.00
Netherlands,1910,0.00
Netherlands,1911,0.00
Netherlands,1912,0.00
Netherlands,1913,0.00
Netherlands,1914,0.00
Netherlands,1915,0.00
Netherlands,1916,0.00
Netherlands,1917,0.00
Netherlands,1918,0.00
Netherlands,1919,0.00
Netherlands,1920,0.00
Netherlands,1921,0.00
Netherlands,1922,0.00
Netherlands,1923,0.00
Netherlands,1924,0.00
Netherlands,1925,0.00
Netherlands,1926,0.00
Netherlands,1927,0.00
Netherlands,1928,0.00
Netherlands,1929,0.00
Netherlands,1930,0.00
Netherlands,1931,0.00
Netherlands,1932,0.00
Netherlands,1933,0.00
Netherlands,1934,0.00
Netherlands,1935,0.00
Netherlands,1936,0.00
Netherlands,1937,0.00
Netherlands,1938,0.00
Netherlands,1939,0.00
Netherlands,1940,0.00
Netherlands,1941,0.00
Netherlands,1942,0.00
Netherlands,1943,0.00
Netherlands,1944,0.00
Netherlands,1945,0.00
Netherlands,1946,0.00
Netherlands,1947,0.00
Netherlands,1948,0.00
Netherlands,1949,0.00
Netherlands,1950,0.00
Netherlands,1951,0.00
Netherlands,1952,0.00
Netherlands,1953,0.00
Netherlands,1954,0.00
Netherlands,1955,0.00
Netherlands,1956,0.00
Netherlands,1957,0.00
Netherlands,1958,0.00
Netherlands,1959,0.00
Netherlands,1960,0.00
Netherlands,1961,0.00
Netherlands,1962,0.00
Netherlands,1963,0.00
Netherlands,1964,0.00
Netherlands,1965,0.00
Netherlands,1966,0.00
Netherlands,1967,0.00
Netherlands,1968,0.00
Netherlands,1969,0.00
Netherlands,1970,0.00
Netherlands,1971,0.00
Netherlands,1972,0.00
Netherlands,1973,0.00
Netherlands,1974,0.00
Netherlands,1975,0.00
Netherlands,1976,0.00
Netherlands,1977,0.00
Netherlands,1978,0.00
Netherlands,1979,0.00
Netherlands,1980,0.00
Netherlands,1981,0.00
Netherlands,1982,0.00
Netherlands,1983,0.46
Netherlands,1984,0.00
Netherlands,1985,0.00
Netherlands,1986,0.40
Netherlands,1987,0.43
Netherlands,1988,0.46
Netherlands,1989,0.38
Netherlands,1990,0.00
Netherlands,1991,0.97
Netherlands,1992,0.00
Netherlands,1993,0.00
Netherlands,1994,0.33
Netherlands,1995,0.66
Netherlands,1996,0.00
Netherlands,1997,0.00
Netherlands,1998,1.64
Netherlands,1999,0.00
Netherlands,2000,0.00
Netherlands,2001,0.00
Netherlands,2002,0.79
Netherlands,2003,0.00
Netherlands,2004,0.00
Netherlands,2005,0.00
Netherlands,2006,0.00
Netherlands,2007,0.00
Netherlands,2008,0.81
Netherlands,2009,0.00
Netherlands,2010,0.00
Netherlands,2011,0.85
Netherlands,2012,1.61
Netherlands,2013,0.85
Netherlands,2014,1.15
Netherlands,2015,1.34
Netherlands,2016,0.72
Netherlands,2017,1.15
Netherlands,2018,1.05
Netherlands,2019,1.01
Netherlands,2020,1.36
Netherlands,2021,1.53
Norway,1846,0.00
Norway,1847,0.00
Norway,1848,0.00
Norway,1849,0.00
Norway,1850,0.00
Norway,1851,0.00
Norway,1852,0.00
Norway,1853,0.00
Norway,1854,0.00
Norway,1855,0.00
Norway,1856,0.00
Norway,1857,0.00
Norway,1858,0.00
Norway,1859,0.00
Norway,1860,0.00
Norway,1861,0.00
Norway,1862,0.00
Norway,1863,0.00
Norway,1864,0.00
Norway,1865,0.00
Norway,1866,0.00
Norway,1867,0.00
Norway,1868,0.00
Norway,1869,0.00
Norway,1870,0.00
Norway,1871,0.00
Norway,1872,0.00
Norway,1873,0.00
Norway,1874,0.00
Norway,1875,0.00
Norway,1876,0.00
Norway,1877,0.00
Norway,1878,0.00
Norway,1879,0.00
Norway,1880,0.00
Norway,1881,0.00
Norway,1882,0.00
Norway,1883,0.00
Norway,1884,0.00
Norway,1885,0.00
Norway,1886,0.00
Norway,1887,0.00
Norway,1888,0.00
Norway,1889,0.00
Norway,1890,0.00
Norway,1891,0.00
Norway,1892,0.00
Norway,1893,0.00
Norway,1894,0.00
Norway,1895,0.00
Norway,1896,0.00
Norway,1897,0.00
Norway,1898,0.00
Norway,1899,0.00
Norway,1900,0.00
Norway,1901,0.00
Norway,1902,0.00
Norway,1903,0.00
Norway,1904,0.00
Norway,1905,0.00
Norway,1906,0.00
Norway,1907,0.00
Norway,1908,0.00
Norway,1909,0.00
Norway,1910,0.00
Norway,1911,0.00
Norway,1912,0.00
Norway,1913,0.00
Norway,1914,0.00
Norway,1915,0.00
Norway,1916,0.00
Norway,1917,0.00
Norway,1918,0.00
Norway,1919,0.00
Norway,1920,0.00
Norway,1921,0.00
Norway,1922,0.00
Norway,1923,0.00
Norway,1924,0.00
Norway,1925,0.00
Norway,1926,0.00
Norway,1927,0.00
Norway,1928,0.00
Norway,1929,0.00
Norway,1930,0.00
Norway,1931,0.00
Norway,1932,0.00
Norway,1933,0.00
Norway,1934,0.00
Norway,1935,0.00
Norway,1936,0.00
Norway,1937,0.00
Norway,1938,0.00
Norway,1939,0.00
Norway,1940,0.00
Norway,1941,0.00
Norway,1942,0.00
Norway,1943,0.00
Norway,1944,0.00
Norway,1945,0.00
Norway,1946,0.00
Norway,1947,0.00
Norway,1948,0.00
Norway,1949,0.00
Norway,1950,0.00
Norway,1951,0.00
Norway,1952,0.00
Norway,1953,0.82
Norway,1954,0.00
Norway,1955,0.00
Norway,1956,0.00
Norway,1957,0.41
Norway,1958,0.00
Norway,1959,0.39
Norway,1960,0.00
Norway,1961,0.40
Norway,1962,0.00
Norway,1963,0.76
Norway,1964,0.43
Norway,1965,0.00
Norway,1966,0.00
Norway,1967,0.00
Norway,1968,0.00
Norway,1969,0.00
Norway,1970,0.00
Norway,1971,0.00
Norway,1972,0.00
Norway,1973,0.00
Norway,1974,0.00
Norway,1975,0.00
Norway,1976,0.00
Norway,1977,0.00
Norway,1978,0.00
Norway,1979,0.00
Norway,1980,0.00
Norway,1981,0.00
Norway,1982,0.00
Norway,1983,0.00
Norway,1984,0.91
Norway,1985,0.00
Norway,1986,0.00
Norway,1987,0.92
Norway,1988,0.00
Norway,1989,0.00
Norway,1990,0.00
Norway,1991,0.00
Norway,1992,0.00
Norway,1993,0.80
Norway,1994,0.83
Norway,1995,0.00
Norway,1996,0.00
Norway,1997,0.00
Norway,1998,0.00
Norway,1999,0.00
Norway,2000,0.00
Norway,2001,0.00
Norway,2002,0.00
Norway,2003,0.00
Norway,2004,1.68
Norway,2005,0.00
Norway,2006,0.00
Norway,2007,0.00
Norway,2008,0.84
Norway,2009,0.83
Norway,2010,0.82
Norway,2011,0.00
Norway,2012,0.78
Norway,2013,0.00
Norway,2014,0.00
Norway,2015,0.00
Norway,2016,2.44
Norway,2017,0.00
Norway,2018,0.00
Norway,2019,1.67
Norway,2020,0.84
Norway,2021,0.00
Norway,2022,0.00
Poland,1958,0.00
Poland,1959,0.00
Poland,1960,0.00
Poland,1961,0.00
Poland,1962,0.00
Poland,1963,0.00
Poland,1964,0.00
Poland,1965,0.00
Poland,1966,0.00
Poland,1967,0.00
Poland,1968,0.00
Poland,1969,0.00
Poland,1970,0.22
Poland,1971,0.20
Poland,1972,0.00
Poland,1973,0.00
Poland,1974,0.00
Poland,1975,0.22
Poland,1976,0.00
Poland,1977,0.21
Poland,1978,0.00
Poland,1979,0.00
Poland,1980,0.00
Poland,1981,0.00
Poland,1982,0.32
Poland,1983,0.25
Poland,1984,0.57
Poland,1985,0.58
Poland,1986,0.53
Poland,1987,0.51
Poland,1988,0.24
Poland,1989,0.76
Poland,1990,0.73
Poland,1991,0.56
Poland,1992,0.22
Poland,1993,0.72
Poland,1994,0.00
Poland,1995,3.29
Poland,1996,0.81
Poland,1997,1.70
Poland,1998,4.24
Poland,1999,3.31
Poland,2000,3.53
Poland,2001,2.64
Poland,2002,3.55
Poland,2003,1.72
Poland,2004,3.54
Poland,2005,0.87
Poland,2006,0.90
Poland,2007,4.38
Poland,2008,0.86
Poland,2009,3.39
Poland,2010,2.55
Poland,2011,2.64
Poland,2012,3.43
Poland,2013,3.42
Poland,2014,4.47
Poland,2015,1.69
Poland,2016,7.20
Poland,2017,2.55
Poland,2018,6.92
Poland,2019,2.73
Portugal,1940,2.81
Portugal,1941,1.37
Portugal,1942,0.00
Portugal,1943,3.00
Portugal,1944,0.00
Portugal,1945,2.69
Portugal,1946,1.17
Portugal,1947,0.00
Portugal,1948,1.34
Portugal,1949,1.15
Portugal,1950,1.22
Portugal,1951,0.00
Portugal,1952,0.00
Portugal,1953,0.00
Portugal,1954,1.76
Portugal,1955,2.68
Portugal,1956,0.75
Portugal,1957,0.83
Portugal,1958,0.89
Portugal,1959,0.00
Portugal,1960,0.82
Portugal,1961,0.00
Portugal,1962,0.00
Portugal,1963,0.00
Portugal,1964,0.00
Portugal,1965,0.00
Portugal,1966,0.00
Portugal,1967,0.00
Portugal,1968,0.00
Portugal,1969,0.00
Portugal,1970,0.00
Portugal,1971,0.78
Portugal,1972,1.65
Portugal,1973,0.00
Portugal,1974,0.00
Portugal,1975,0.00
Portugal,1976,0.00
Portugal,1977,0.00
Portugal,1978,0.00
Portugal,1979,0.00
Portugal,1980,0.25
Portugal,1981,0.00
Portugal,1982,0.00
Portugal,1983,0.00
Portugal,1984,0.00
Portugal,1985,0.00
Portugal,1986,0.00
Portugal,1987,0.00
Portugal,1988,0.00
Portugal,1989,0.00
Portugal,1990,0.00
Portugal,1991,0.00
Portugal,1992,0.00
Portugal,1993,0.00
Portugal,1994,0.00
Portugal,1995,0.00
Portugal,1996,0.00
Portugal,1997,0.00
Portugal,1998,0.00
Portugal,1999,0.00
Portugal,2000,0.00
Portugal,2001,0.00
Portugal,2002,0.23
Portugal,2003,0.56
Portugal,2004,0.26
Portugal,2005,0.55
Portugal,2006,0.00
Portugal,2007,1.78
Portugal,2008,0.00
Portugal,2009,1.80
Portugal,2010,0.00
Portugal,2011,1.86
Portugal,2012,3.51
Portugal,2013,1.81
Portugal,2014,2.81
Portugal,2015,7.19
Portugal,2016,0.90
Portugal,2017,2.74
Portugal,2018,7.14
Portugal,2019,0.91
Portugal,2020,2.55
Portugal,2021,4.30
Portugal,2022,2.41
Russia,1959,89.57
Russia,1960,74.84
Russia,1961,63.89
Russia,1962,55.65
Russia,1963,50.95
Russia,1964,46.74
Russia,1965,38.19
Russia,1966,33.17
Russia,1967,32.85
Russia,1968,28.90
Russia,1969,35.35
Russia,1970,31.54
Russia,1971,29.79
Russia,1972,25.38
Russia,1973,24.86
Russia,1974,17.84
Russia,1975,16.71
Russia,1976,13.48
Russia,1977,13.91
Russia,1978,15.44
Russia,1979,18.96
Russia,1980,15.44
Russia,1981,27.77
Russia,1982,23.59
Russia,1983,29.88
Russia,1984,25.08
Russia,1985,26.09
Russia,1986,28.00
Russia,1987,31.88
Russia,1988,29.57
Russia,1989,29.99
Russia,1990,32.34
Russia,1991,29.86
Russia,1992,25.12
Russia,1993,19.25
Russia,1994,12.51
Russia,1995,10.11
Russia,1996,7.38
Russia,1997,4.12
Russia,1998,3.17
Russia,1999,2.40
Russia,2000,2.58
Russia,2001,2.21
Russia,2002,2.12
Russia,2003,2.31
Russia,2004,3.00
Russia,2005,3.29
Russia,2006,3.40
Russia,2007,4.16
Russia,2008,5.85
Russia,2009,7.90
Russia,2010,8.98
Russia,2011,9.68
Russia,2012,10.69
Russia,2013,9.57
Russia,2014,7.67
Spain,1908,1.96
Spain,1909,0.00
Spain,1910,1.81
Spain,1911,2.13
Spain,1912,1.29
Spain,1913,1.78
Spain,1914,1.56
Spain,1915,0.00
Spain,1916,0.00
Spain,1917,2.02
Spain,1918,0.00
Spain,1919,0.00
Spain,1920,0.00
Spain,1921,0.00
Spain,1922,0.50
Spain,1923,0.00
Spain,1924,1.04
Spain,1925,0.00
Spain,1926,0.00
Spain,1927,0.39
Spain,1928,0.53
Spain,1929,0.00
Spain,1930,0.00
Spain,1931,4.61
Spain,1932,0.00
Spain,1933,1.48
Spain,1934,3.41
Spain,1935,1.71
Spain,1936,3.54
Spain,1937,1.36
Spain,1938,1.25
Spain,1939,0.00
Spain,1940,0.00
Spain,1941,1.67
Spain,1942,2.86
Spain,1943,0.00
Spain,1944,0.42
Spain,1945,0.99
Spain,1946,0.57
Spain,1947,0.00
Spain,1948,1.43
Spain,1949,1.43
Spain,1950,3.89
Spain,1951,0.00
Spain,1952,1.94
Spain,1953,1.85
Spain,1954,0.80
Spain,1955,3.12
Spain,1956,2.75
Spain,1957,0.00
Spain,1958,2.23
Spain,1959,1.56
Spain,1960,0.00
Spain,1961,0.00
Spain,1962,0.32
Spain,1963,0.40
Spain,1964,0.83
Spain,1965,0.34
Spain,1966,0.89
Spain,1967,1.47
Spain,1968,0.31
Spain,1969,3.69
Spain,1970,1.13
Spain,1971,1.20
Spain,1972,0.00
Spain,1973,0.29
Spain,1974,0.00
Spain,1975,5.40
Spain,1976,0.89
Spain,1977,0.92
Spain,1978,1.83
Spain,1979,2.86
Spain,1980,0.92
Spain,1981,0.00
Spain,1982,3.89
Spain,1983,0.00
Spain,1984,3.69
Spain,1985,0.86
Spain,1986,1.78
Spain,1987,5.50
Spain,1988,2.66
Spain,1989,6.12
Spain,1990,0.85
Spain,1991,0.87
Spain,1992,3.55
Spain,1993,2.60
Spain,1994,1.76
Spain,1995,1.72
Spain,1996,1.72
Spain,1997,6.96
Spain,1998,3.36
Spain,1999,11.68
Spain,2000,7.07
Spain,2001,6.23
Spain,2002,6.04
Spain,2003,1.62
Spain,2004,4.34
Spain,2005,5.01
Spain,2006,5.26
Spain,2007,11.21
Spain,2008,7.67
Spain,2009,8.64
Spain,2010,6.08
Spain,2011,8.67
Spain,2012,9.09
Spain,2013,3.49
Spain,2014,7.95
Spain,2015,7.37
Spain,2016,11.08
Spain,2017,5.75
Spain,2018,15.93
Spain,2019,13.12
Spain,2020,13.57
Spain,2021,16.16
Sweden,1751,0.00
Sweden,1752,0.00
Sweden,1753,0.00
Sweden,1754,0.00
Sweden,1755,0.00
Sweden,1756,0.00
Sweden,1757,0.00
Sweden,1758,0.00
Sweden,1759,0.00
Sweden,1760,0.00
Sweden,1761,0.00
Sweden,1762,0.00
Sweden,1763,0.00
Sweden,1764,0.00
Sweden,1765,0.00
Sweden,1766,0.00
Sweden,1767,0.00
Sweden,1768,0.00
Sweden,1769,0.00
Sweden,1770,0.00
Sweden,1771,0.00
Sweden,1772,0.00
Sweden,1773,0.00
Sweden,1774,0.00
Sweden,1775,0.00
Sweden,1776,0.00
Sweden,1777,0.00
Sweden,1778,0.00
Sweden,1779,0.00
Sweden,1780,0.00
Sweden,1781,0.00
Sweden,1782,0.00
Sweden,1783,0.00
Sweden,1784,0.00
Sweden,1785,0.00
Sweden,1786,0.00
Sweden,1787,0.00
Sweden,1788,0.00
Sweden,1789,0.00
Sweden,1790,0.00
Sweden,1791,0.00
Sweden,1792,0.00
Sweden,1793,0.00
Sweden,1794,0.00
Sweden,1795,0.00
Sweden,1796,0.00
Sweden,1797,0.00
Sweden,1798,0.00
Sweden,1799,0.00
Sweden,1800,0.00
Sweden,1801,0.00
Sweden,1802,0.00
Sweden,1803,0.00
Sweden,1804,0.00
Sweden,1805,0.00
Sweden,1806,0.00
Sweden,1807,0.00
Sweden,1808,0.00
Sweden,1809,0.00
Sweden,1810,0.00
Sweden,1811,0.00
Sweden,1812,0.00
Sweden,1813,0.00
Sweden,1814,0.00
Sweden,1815,0.00
Sweden,1816,0.00
Sweden,1817,0.00
Sweden,1818,0.00
Sweden,1819,0.00
Sweden,1820,0.00
Sweden,1821,0.00
Sweden,1822,0.00
Sweden,1823,0.00
Sweden,1824,0.00
Sweden,1825,0.00
Sweden,1826,0.00
Sweden,1827,0.00
Sweden,1828,0.00
Sweden,1829,0.00
Sweden,1830,0.00
Sweden,1831,0.00
Sweden,1832,0.00
Sweden,1833,0.00
Sweden,1834,0.00
Sweden,1835,0.00
Sweden,1836,0.00
Sweden,1837,0.00
Sweden,1838,0.00
Sweden,1839,0.00
Sweden,1840,0.00
Sweden,1841,0.00
Sweden,1842,0.00
Sweden,1843,0.00
Sweden,1844,0.00
Sweden,1845,0.00
Sweden,1846,0.00
Sweden,1847,0.00
Sweden,1848,0.00
Sweden,1849,0.00
Sweden,1850,0.00
Sweden,1851,0.00
Sweden,1852,0.00
Sweden,1853,0.00
Sweden,1854,0.00
Sweden,1855,0.00
Sweden,1856,0.00
Sweden,1857,0.00
Sweden,1858,0.00
Sweden,1859,0.00
Sweden,1860,0.00
Sweden,1861,0.00
Sweden,1862,0.00
Sweden,1863,0.00
Sweden,1864,0.00
Sweden,1865,0.00
Sweden,1866,0.00
Sweden,1867,0.00
Sweden,1868,0.00
Sweden,1869,0.00
Sweden,1870,0.00
Sweden,1871,0.00
Sweden,1872,0.00
Sweden,1873,0.00
Sweden,1874,0.00
Sweden,1875,0.00
Sweden,1876,0.00
Sweden,1877,0.00
Sweden,1878,0.00
Sweden,1879,0.00
Sweden,1880,0.00
Sweden,1881,0.00
Sweden,1882,0.00
Sweden,1883,0.00
Sweden,1884,0.00
Sweden,1885,0.00
Sweden,1886,0.00
Sweden,1887,0.00
Sweden,1888,0.00
Sweden,1889,0.00
Sweden,1890,0.00
Sweden,1891,0.00
Sweden,1892,0.00
Sweden,1893,0.00
Sweden,1894,0.00
Sweden,1895,0.00
Sweden,1896,0.00
Sweden,1897,0.00
Sweden,1898,0.00
Sweden,1899,0.00
Sweden,1900,0.00
Sweden,1901,0.00
Sweden,1902,0.00
Sweden,1903,0.00
Sweden,1904,0.00
Sweden,1905,0.00
Sweden,1906,0.00
Sweden,1907,0.00
Sweden,1908,0.00
Sweden,1909,0.00
Sweden,1910,0.00
Sweden,1911,0.00
Sweden,1912,0.00
Sweden,1913,0.00
Sweden,1914,0.00
Sweden,1915,0.00
Sweden,1916,0.00
Sweden,1917,0.00
Sweden,1918,0.00
Sweden,1919,0.00
Sweden,1920,0.00
Sweden,1921,0.00
Sweden,1922,0.00
Sweden,1923,0.00
Sweden,1924,0.00
Sweden,1925,0.00
Sweden,1926,0.00
Sweden,1927,0.00
Sweden,1928,0.00
Sweden,1929,0.00
Sweden,1930,0.00
Sweden,1931,0.00
Sweden,1932,0.00
Sweden,1933,0.00
Sweden,1934,0.00
Sweden,1935,0.00
Sweden,1936,0.00
Sweden,1937,0.00
Sweden,1938,0.00
Sweden,1939,0.00
Sweden,1940,0.00
Sweden,1941,0.00
Sweden,1942,0.00
Sweden,1943,0.00
Sweden,1944,0.00
Sweden,1945,0.00
Sweden,1946,0.00
Sweden,1947,0.00
Sweden,1948,0.00
Sweden,1949,0.00
Sweden,1950,0.00
Sweden,1951,0.00
Sweden,1952,0.00
Sweden,1953,0.00
Sweden,1954,0.00
Sweden,1955,0.00
Sweden,1956,0.00
Sweden,1957,0.00
Sweden,1958,0.00
Sweden,1959,0.00
Sweden,1960,0.00
Sweden,1961,0.00
Sweden,1962,0.00
Sweden,1963,0.77
Sweden,1964,0.00
Sweden,1965,0.00
Sweden,1966,0.00
Sweden,1967,0.00
Sweden,1968,0.00
Sweden,1969,0.00
Sweden,1970,0.00
Sweden,1971,0.00
Sweden,1972,0.00
Sweden,1973,0.00
Sweden,1974,0.00
Sweden,1975,0.88
Sweden,1976,0.00
Sweden,1977,0.00
Sweden,1978,0.00
Sweden,1979,0.00
Sweden,1980,0.00
Sweden,1981,0.86
Sweden,1982,0.90
Sweden,1983,0.00
Sweden,1984,0.00
Sweden,1985,0.00
Sweden,1986,0.00
Sweden,1987,0.00
Sweden,1988,0.00
Sweden,1989,0.00
Sweden,1990,0.00
Sweden,1991,0.00
Sweden,1992,0.00
Sweden,1993,0.79
Sweden,1994,0.86
Sweden,1995,2.55
Sweden,1996,0.00
Sweden,1997,0.82
Sweden,1998,0.00
Sweden,1999,0.81
Sweden,2000,0.83
Sweden,2001,1.61
Sweden,2002,0.00
Sweden,2003,1.60
Sweden,2004,0.82
Sweden,2005,0.00
Sweden,2006,0.00
Sweden,2007,0.79
Sweden,2008,0.00
Sweden,2009,0.81
Sweden,2010,0.00
Sweden,2011,0.81
Sweden,2012,1.08
Sweden,2013,1.17
Sweden,2014,0.96
Sweden,2015,1.29
Sweden,2016,1.32
Sweden,2017,1.28
Sweden,2018,1.14
Sweden,2019,1.34
Sweden,2020,1.49
Sweden,2021,1.52
Sweden,2022,1.56
Switzerland,1876,0.00
Switzerland,1877,0.00
Switzerland,1878,0.00
Switzerland,1879,0.00
Switzerland,1880,0.00
Switzerland,1881,0.00
Switzerland,1882,0.00
Switzerland,1883,0.00
Switzerland,1884,0.00
Switzerland,1885,0.00
Switzerland,1886,0.00
Switzerland,1887,0.00
Switzerland,1888,0.00
Switzerland,1889,0.00
Switzerland,1890,0.00
Switzerland,1891,0.00
Switzerland,1892,0.00
Switzerland,1893,0.00
Switzerland,1894,0.00
Switzerland,1895,0.00
Switzerland,1896,0.00
Switzerland,1897,0.00
Switzerland,1898,0.00
Switzerland,1899,0.00
Switzerland,1900,0.00
Switzerland,1901,0.00
Switzerland,1902,0.00
Switzerland,1903,0.00
Switzerland,1904,0.00
Switzerland,1905,0.00
Switzerland,1906,0.00
Switzerland,1907,0.00
Switzerland,1908,0.00
Switzerland,1909,0.00
Switzerland,1910,0.00
Switzerland,1911,0.00
Switzerland,1912,0.00
Switzerland,1913,0.00
Switzerland,1914,0.00
Switzerland,1915,0.00
Switzerland,1916,0.00
Switzerland,1917,0.00
Switzerland,1918,0.00
Switzerland,1919,0.00
Switzerland,1920,0.00
Switzerland,1921,0.00
Switzerland,1922,0.00
Switzerland,1923,0.00
Switzerland,1924,0.00
Switzerland,1925,0.00
Switzerland,1926,0.00
Switzerland,1927,0.00
Switzerland,1928,0.00
Switzerland,1929,0.00
Switzerland,1930,0.00
Switzerland,1931,0.00
Switzerland,1932,0.00
Switzerland,1933,0.00
Switzerland,1934,0.00
Switzerland,1935,0.00
Switzerland,1936,0.00
Switzerland,1937,0.00
Switzerland,1938,0.00
Switzerland,1939,0.00
Switzerland,1940,0.00
Switzerland,1941,0.00
Switzerland,1942,0.00
Switzerland,1943,0.00
Switzerland,1944,0.00
Switzerland,1945,0.00
Switzerland,1946,0.00
Switzerland,1947,0.00
Switzerland,1948,0.00
Switzerland,1949,0.00
Switzerland,1950,0.00
Switzerland,1951,0.00
Switzerland,1952,0.00
Switzerland,1953,0.00
Switzerland,1954,0.00
Switzerland,1955,0.00
Switzerland,1956,0.00
Switzerland,1957,0.00
Switzerland,1958,0.00
Switzerland,1959,0.00
Switzerland,1960,0.00
Switzerland,1961,0.00
Switzerland,1962,0.00
Switzerland,1963,0.00
Switzerland,1964,0.00
Switzerland,1965,0.00
Switzerland,1966,0.00
Switzerland,1967,0.00
Switzerland,1968,0.00
Switzerland,1969,0.00
Switzerland,1970,0.00
Switzerland,1971,0.00
Switzerland,1972,0.00
Switzerland,1973,0.00
Switzerland,1974,0.00
Switzerland,1975,0.00
Switzerland,1976,0.00
Switzerland,1977,0.00
Switzerland,1978,0.00
Switzerland,1979,0.00
Switzerland,1980,0.00
Switzerland,1981,0.00
Switzerland,1982,0.00
Switzerland,1983,0.00
Switzerland,1984,0.00
Switzerland,1985,0.00
Switzerland,1986,0.00
Switzerland,1987,0.00
Switzerland,1988,0.00
Switzerland,1989,0.84
Switzerland,1990,1.58
Switzerland,1991,0.00
Switzerland,1992,0.00
Switzerland,1993,0.00
Switzerland,1994,0.82
Switzerland,1995,0.00
Switzerland,1996,0.00
Switzerland,1997,0.00
Switzerland,1998,0.00
Switzerland,1999,0.77
Switzerland,2000,0.81
Switzerland,2001,0.00
Switzerland,2002,0.00
Switzerland,2003,0.00
Switzerland,2004,1.58
Switzerland,2005,0.00
Switzerland,2006,0.00
Switzerland,2007,1.59
Switzerland,2008,0.78
Switzerland,2009,0.00
Switzerland,2010,1.57
Switzerland,2011,0.00
Switzerland,2012,0.76
Switzerland,2013,0.76
Switzerland,2014,0.79
Switzerland,2015,0.00
Switzerland,2016,0.81
Switzerland,2017,1.57
Switzerland,2018,0.80
Switzerland,2019,3.97
Switzerland,2020,0.00
Switzerland,2021,0.00
Switzerland,2022,3.05
Ukraine,1959,17.21
Ukraine,1960,17.93
Ukraine,1961,17.03
Ukraine,1962,17.02
Ukraine,1963,12.64
Ukraine,1964,10.84
Ukraine,1965,9.50
Ukraine,1966,7.45
Ukraine,1967,7.85
Ukraine,1968,9.03
Ukraine,1969,10.04
Ukraine,1970,9.09
Ukraine,1971,7.24
Ukraine,1972,8.36
Ukraine,1973,6.30
Ukraine,1974,5.67
Ukraine,1975,4.30
Ukraine,1976,4.27
Ukraine,1977,4.23
Ukraine,1978,2.83
Ukraine,1979,6.44
Ukraine,1980,6.34
Ukraine,1981,6.20
Ukraine,1982,7.09
Ukraine,1983,7.19
Ukraine,1984,7.27
Ukraine,1985,7.00
Ukraine,1986,8.05
Ukraine,1987,8.59
Ukraine,1988,10.54
Ukraine,1989,13.46
Ukraine,1990,12.95
Ukraine,1991,11.70
Ukraine,1992,11.34
Ukraine,1993,9.03
Ukraine,1994,5.70
Ukraine,1995,2.94
Ukraine,1996,2.47
Ukraine,1997,1.41
Ukraine,1998,0.91
Ukraine,1999,0.85
Ukraine,2000,0.88
Ukraine,2001,0.82
Ukraine,2002,0.78
Ukraine,2003,0.63
Ukraine,2004,0.70
Ukraine,2005,0.93
Ukraine,2006,1.09
Ukraine,2007,1.20
Ukraine,2008,1.46
Ukraine,2009,2.24
Ukraine,2010,2.63
Ukraine,2011,2.70
Ukraine,2012,2.43
Ukraine,2013,1.69
United Kingdom,1922,0.00
United Kingdom,1923,0.00
United Kingdom,1924,0.00
United Kingdom,1925,0.00
United Kingdom,1926,0.00
United Kingdom,1927,0.00
United Kingdom,1928,0.00
United Kingdom,1929,0.00
United Kingdom,1930,0.00
United Kingdom,1931,0.00
United Kingdom,1932,0.00
United Kingdom,1933,0.00
United Kingdom,1934,0.00
United Kingdom,1935,0.84
United Kingdom,1936,0.00
United Kingdom,1937,0.00
United Kingdom,1938,0.00
United Kingdom,1939,0.00
United Kingdom,1940,0.00
United Kingdom,1941,0.00
United Kingdom,1942,0.00
United Kingdom,1943,0.00
United Kingdom,1944,0.88
United Kingdom,1945,0.00
United Kingdom,1946,0.00
United Kingdom,1947,0.00
United Kingdom,1948,0.00
United Kingdom,1949,0.00
United Kingdom,1950,0.00
United Kingdom,1951,0.78
United Kingdom,1952,0.00
United Kingdom,1953,0.00
United Kingdom,1954,0.00
United Kingdom,1955,0.00
United Kingdom,1956,0.00
United Kingdom,1957,0.00
United Kingdom,1958,0.00
United Kingdom,1959,0.83
United Kingdom,1960,0.00
United Kingdom,1961,0.00
United Kingdom,1962,0.00
United Kingdom,1963,0.00
United Kingdom,1964,0.00
United Kingdom,1965,0.91
United Kingdom,1966,0.00
United Kingdom,1967,0.94
United Kingdom,1968,0.00
United Kingdom,1969,0.93
United Kingdom,1970,0.00
United Kingdom,1971,2.78
United Kingdom,1972,0.90
United Kingdom,1973,0.89
United Kingdom,1974,0.88
United Kingdom,1975,0.00
United Kingdom,1976,0.85
United Kingdom,1977,0.00
United Kingdom,1978,0.93
United Kingdom,1979,0.00
United Kingdom,1980,2.80
United Kingdom,1981,0.94
United Kingdom,1982,1.88
United Kingdom,1983,1.88
United Kingdom,1984,1.92
United Kingdom,1985,1.83
United Kingdom,1986,0.94
United Kingdom,1987,1.98
United Kingdom,1988,0.96
United Kingdom,1989,1.86
United Kingdom,1990,6.83
United Kingdom,1991,6.68
United Kingdom,1992,1.00
United Kingdom,1993,5.46
United Kingdom,1994,11.84
United Kingdom,1995,3.71
United Kingdom,1996,5.71
United Kingdom,1997,5.64
United Kingdom,1998,10.15
United Kingdom,1999,2.68
United Kingdom,2000,7.60
United Kingdom,2001,7.56
United Kingdom,2002,7.37
United Kingdom,2003,7.95
United Kingdom,2004,8.38
United Kingdom,2005,9.12
United Kingdom,2006,9.43
United Kingdom,2007,12.01
United Kingdom,2008,13.33
United Kingdom,2009,10.32
United Kingdom,2010,6.43
United Kingdom,2011,13.12
United Kingdom,2012,7.11
United Kingdom,2013,14.98
United Kingdom,2014,10.97
United Kingdom,2015,14.75
United Kingdom,2016,12.72
United Kingdom,2017,11.47
United Kingdom,2018,9.95
United Kingdom,2019,10.26
United Kingdom,2020,11.63
United Kingdom,2021,13.69
United States,1933,12.73
United States,1934,13.61
United States,1935,12.26
United States,1936,10.46
United States,1937,9.57
United States,1938,10.80
United States,1939,8.40
United States,1940,9.14
United States,1941,8.89
United States,1942,9.25
United States,1943,6.73
United States,1944,8.17
United States,1945,6.75
United States,1946,6.27
United States,1947,6.29
United States,1948,6.92
United States,1949,6.37
United States,1950,6.84
United States,1951,6.06
United States,1952,6.51
United States,1953,23.42
United States,1954,10.03
United States,1955,15.70
United States,1956,25.45
United States,1957,28.13
United States,1958,23.51
United States,1959,17.46
United States,1960,17.08
United States,1961,11.34
United States,1962,11.85
United States,1963,22.09
United States,1964,22.12
United States,1965,23.12
United States,1966,21.08
United States,1967,8.21
United States,1968,12.93
United States,1969,35.86
United States,1970,24.03
United States,1971,23.15
United States,1972,14.83
United States,1973,27.95
United States,1974,27.56
United States,1975,26.26
United States,1976,39.80
United States,1977,46.77
United States,1978,33.56
United States,1979,43.26
United States,1980,52.24
United States,1981,53.12
United States,1982,32.27
United States,1983,48.88
United States,1984,41.80
United States,1985,44.11
United States,1986,46.64
United States,1987,37.02
United States,1988,40.40
United States,1989,45.90
United States,1990,59.46
United States,1991,72.63
United States,1992,59.32
United States,1993,89.69
United States,1994,96.24
United States,1995,93.74
United States,1996,90.32
United States,1997,65.09
United States,1998,88.14
United States,1999,83.05
United States,2000,52.41
United States,2001,71.46
United States,2002,69.41
United States,2003,61.01
United States,2004,69.91
United States,2005,62.69
United States,2006,59.34
United States,2007,62.00
United States,2008,56.37
United States,2009,62.18
United States,2010,73.75
United States,2011,74.70
United States,2012,80.16
United States,2013,69.38
United States,2014,83.46
United States,2015,75.76
United States,2016,97.96
United States,2017,77.26
United States,2018,85.05
United States,2019,79.70
United States,2020,104.57
United States,2021,99.76
